time,close,high,low,open,volume,ticker
2023-01-03,13612.640625,13612.640625,13162.884182248532,13192.86812322987,2353857,ACB
2023-01-04,13582.65625,13702.592010092938,13522.689260609703,13702.592010092938,11017826,ACB
2023-01-05,13702.591796875,13792.542724888859,13582.656038648312,13642.623917761657,3200681,ACB
2023-01-06,13882.4951171875,14002.429989713773,13552.673549748102,13672.608422274376,12780063,ACB
2023-01-09,13852.5107421875,14002.429550810213,13762.558922620172,14002.429550810213,3788612,ACB
2023-01-10,14062.3974609375,14062.3974609375,13762.558952387382,13942.461701254986,19015651,ACB
2023-01-11,14512.1533203125,14662.072123397229,14062.396911058315,14152.347836646697,9198252,ACB
2023-01-12,14692.056640625,14782.008460411247,14512.153891708675,14512.153891708675,12385510,ACB
2023-01-13,14482.169921875,14871.959358831504,14482.169921875,14752.024490020336,9345624,ACB
2023-01-16,14991.89453125,14991.89453125,14482.16935478585,14482.16935478585,30785855,ACB
2023-01-17,15171.796875,15261.749584656734,14961.91018798816,15021.878067321873,6355584,ACB
2023-01-18,15291.732421875,15411.668178881304,15051.86268917469,15171.796664868696,8267323,ACB
2023-01-19,15591.5703125,15591.570312500002,15261.74964679029,15291.732695923052,8549750,ACB
2023-01-27,15801.4560546875,15891.406978014775,15531.601503393455,15801.4560546875,6264788,ACB
2023-01-30,15231.765625,15801.45783926611,15231.765625,15771.474788541545,15815578,ACB
2023-01-31,15621.5546875,15621.5546875,14991.894642258694,15231.764372264406,20152353,ACB
2023-02-01,15111.8291015625,15741.489167010368,15051.863003120894,15651.538238035626,14746308,ACB
2023-02-02,14991.89453125,15351.700014250498,14871.95877647908,15081.84545667206,4522169,ACB
2023-02-03,14692.056640625,15141.813958243898,14632.089651423672,14991.895149256321,22101507,ACB
2023-02-06,14931.9267578125,15081.845561663673,14482.169455602845,14632.089150110156,13529247,ACB
2023-02-07,14752.0244140625,15051.862920530808,14632.089545868874,14991.895041105914,3755496,ACB
2023-02-08,14782.0078125,15021.877540103906,14722.039935270957,14871.958737687431,10528105,ACB
2023-02-09,14692.056640625,15051.86302911382,14692.056640625,14782.008460411247,9586987,ACB
2023-02-10,14512.1533203125,14841.97486523013,14512.1533203125,14752.023939641746,16840191,ACB
2023-02-13,14332.2509765625,14482.169783811272,14272.283988056686,14482.169783811272,6987051,ACB
2023-02-14,14302.2666015625,14452.186294903267,14272.283553550478,14452.186294903267,11769442,ACB
2023-02-15,14722.041015625,14782.008897254691,14242.300634556055,14332.251566344397,30389362,ACB
2023-02-16,14871.958984375,14871.958984375,14632.089252792272,14871.958984375,16596456,ACB
2023-02-17,14871.958984375,14961.909911054487,14722.040179471758,14901.942923486877,3721885,ACB
2023-02-20,15471.634765625,15471.634765625,14782.008594298371,14811.992534498699,14222461,ACB
2023-02-21,15291.732421875,15591.570033078464,15291.732421875,15471.63427607216,9986225,ACB
2023-02-22,14901.943359375,15321.715847251371,14901.943359375,15111.8291579851,4186359,ACB
2023-02-23,15231.765625,15291.733507761553,14542.138535867,14841.976168362336,5871489,ACB
2023-02-24,14752.0244140625,15171.796898068273,14722.040474350053,14991.895041105914,3692076,ACB
2023-02-27,14542.1376953125,14752.024382189997,14452.186767025665,14692.056502894666,5142773,ACB
2023-02-28,14632.0888671875,14841.974654127156,14542.1370522224,14692.055853174777,9351859,ACB
2023-03-01,15081.8466796875,15111.82973015548,14512.154470296606,14632.090234793344,8110977,ACB
2023-03-02,15021.8779296875,15261.749444824594,14991.894880951517,14991.894880951517,9430336,ACB
2023-03-03,14692.056640625,15171.797007516478,14692.056640625,15021.878198528902,3901956,ACB
2023-03-06,14572.1220703125,15051.863337695428,14572.1220703125,14901.943634978146,7946114,ACB
2023-03-07,14692.056640625,14991.895149256321,14572.121771566173,14841.975449612577,7395406,ACB
2023-03-08,14991.89453125,14991.89453125,14542.137232171312,14542.137232171312,4235484,ACB
2023-03-09,15201.7822265625,15261.750107952397,14931.927650964157,14991.895532354054,6024641,ACB
2023-03-10,14931.9267578125,15111.828609908996,14841.974941108114,15021.877683860748,4280234,ACB
2023-03-13,14692.056640625,14961.910318671404,14602.105711494922,14841.975449612577,8579863,ACB
2023-03-14,14422.203125,14811.99256715117,14362.23524446715,14722.040746351893,10289631,ACB
2023-03-15,14871.958984375,14871.958984375,14662.072301248003,14752.024118583635,6437103,ACB
2023-03-16,14632.0888671875,14841.974654127156,14482.169175579002,14692.055853174777,35425755,ACB
2023-03-17,14602.10546875,14782.008214675627,14602.10546875,14722.040335815034,13440276,ACB
2023-03-20,14392.21875,14602.105434868927,14392.21875,14512.15361678675,3735420,ACB
2023-03-21,14512.1533203125,14632.08907530519,14302.266639731426,14632.08907530519,10080054,ACB
2023-03-22,14482.169921875,14602.105681342335,14422.2029327975,14602.105681342335,7636464,ACB
2023-03-23,14692.056640625,14752.024520482499,14362.2350827211,14452.186902507347,12287453,ACB
2023-03-24,14722.041015625,14901.943769857879,14692.057074810155,14752.024956439845,2557958,ACB
2023-03-27,14662.072265625,14841.975009203028,14602.105278203086,14752.024082742086,3738310,ACB
2023-03-28,14662.072265625,14871.958948242056,14662.072265625,14782.008021781114,12602122,ACB
2023-03-29,14632.0888671875,14752.023729818178,14602.1049288658,14692.055853174777,24683496,ACB
2023-03-30,14752.0244140625,14811.992293487394,14722.040474350053,14752.0244140625,3225623,ACB
2023-03-31,14991.89453125,15141.813334057519,14782.007851057022,14811.99178974975,8945938,ACB
2023-04-03,15141.8134765625,15231.764402831119,14991.894672344042,15141.8134765625,16997907,ACB
2023-04-04,15081.8466796875,15201.782444184239,15021.87879743913,15141.81456193587,10932657,ACB
2023-04-05,15171.796875,15171.796875,15021.878067321873,15051.862897644893,5199567,ACB
2023-04-06,14931.9267578125,15261.749195072445,14931.9267578125,15231.764365514844,7347498,ACB
2023-04-07,15021.8779296875,15051.86275973579,14931.927002167244,14961.910050903227,5465111,ACB
2023-04-10,14991.89453125,15081.84545667206,14901.94271517181,15051.862408635461,5531573,ACB
2023-04-11,14961.91015625,15021.878035456508,14811.99223954605,14931.927107302905,2581684,ACB
2023-04-12,14901.943359375,15021.87822867451,14871.95941938608,14991.89517934176,4897521,ACB
2023-04-13,14961.91015625,15021.878035456508,14901.943167699652,14961.91015625,3922336,ACB
2023-04-14,14961.91015625,15051.86286571592,14901.943167699652,15021.878035456508,8026265,ACB
2023-04-17,14991.89453125,14991.89453125,14871.95877647908,14961.909701901139,2695673,ACB
2023-04-18,14841.9755859375,14991.895286958272,14841.9755859375,14991.895286958272,3351095,ACB
2023-04-19,14632.0888671875,14871.958592448855,14632.0888671875,14871.958592448855,7597379,ACB
2023-04-20,14542.1376953125,14722.040442542331,14512.153755664835,14692.056502894666,8785485,ACB
2023-04-21,14542.1376953125,14632.089514255496,14542.1376953125,14572.121634960165,5194547,ACB
2023-04-24,14512.1533203125,14662.072123397229,14452.18633347229,14572.121197808845,3458469,ACB
2023-04-25,14482.169921875,14662.072670419835,14452.186872664333,14572.121741475501,9388665,ACB
2023-04-26,14482.169921875,14512.153861741834,14362.235053063832,14482.169921875,5865254,ACB
2023-04-27,14482.169921875,14662.072670419835,14452.186872664333,14512.153861741834,3317333,ACB
2023-04-28,14512.1533203125,14632.08907530519,14482.169381564327,14512.1533203125,14859100,ACB
2023-05-04,14811.9921875,14841.975236341741,14572.121562172983,14572.121562172983,6546301,ACB
2023-05-05,14782.0078125,14841.974799072912,14692.055996656436,14692.055996656436,3990623,ACB
2023-05-08,14961.91015625,14991.894986509413,14752.024360339543,14782.008299942798,3503944,ACB
2023-05-09,14931.9267578125,15021.877683860748,14871.958880009575,14991.894635615425,5466024,ACB
2023-05-10,14931.9267578125,14961.909806057824,14871.958880009575,14931.9267578125,2980610,ACB
2023-05-11,14931.9267578125,15051.862513418348,14871.958880009575,14991.894635615425,3884771,ACB
2023-05-12,14991.89453125,15021.877579286598,14871.95877647908,14991.89453125,3569036,ACB
2023-05-15,14991.89453125,15171.796382094117,14961.909701901139,15111.828504708657,9707744,ACB
2023-05-16,14991.89453125,15021.877579286598,14931.92665386454,14991.89453125,2223822,ACB
2023-05-17,14931.9267578125,15081.845561663673,14901.942818911039,14991.894635615425,5738260,ACB
2023-05-18,14991.89453125,15051.862408635461,14901.94271517181,14931.92665386454,5097059,ACB
2023-05-19,14961.91015625,15021.878035456508,14841.975288493146,15021.878035456508,6374746,ACB
2023-05-22,15021.8779296875,15021.8779296875,14931.927002167244,14991.894880951517,9918929,ACB
2023-05-23,15201.7822265625,15351.701039381049,14991.895532354054,15111.829513821463,33037055,ACB
2023-05-24,15081.8466796875,15291.733376900587,14961.910915190761,15291.733376900587,16955474,ACB
2023-05-25,15051.86328125,15111.829380799662,14931.92751952594,15111.829380799662,13612439,ACB
2023-05-26,14991.89453125,15111.828504708657,14961.909701901139,15111.828504708657,14540476,ACB
2023-05-29,15081.8466796875,15171.797612403849,14991.895746971151,15051.86362921952,29172511,ACB
2023-05-30,15111.8291015625,15171.79698131644,14991.895123366954,15171.79698131644,36342220,ACB
2023-05-31,15231.765625,15231.765625,14991.895875266217,15111.829859476897,48306943,ACB
2023-06-01,14758.0205078125,14999.390097823876,14654.576143334447,14826.983120579162,18595937,ACB
2023-06-02,15033.87109375,15240.759824562132,14792.501501573266,14826.983253593997,20121837,ACB
2023-06-05,14999.3916015625,15275.24208028407,14930.428981882107,15171.797705435376,18307103,ACB
2023-06-06,15033.87109375,15068.351955114604,14964.909371020794,15033.87109375,13305937,ACB
2023-06-07,15068.3525390625,15171.796908477372,15033.87167636165,15033.87167636165,12534787,ACB
2023-06-08,14895.9462890625,15102.835025736915,14895.9462890625,15033.87151974134,12797832,ACB
2023-06-09,14861.4658203125,14930.42843747833,14689.058832069839,14930.42843747833,9871272,ACB
2023-06-12,14792.501953125,14930.428074762092,14723.539337634533,14930.428074762092,5865816,ACB
2023-06-13,14895.9462890625,14895.9462890625,14758.02105838366,14826.98367372308,10539663,ACB
2023-06-14,14930.4287109375,15102.835702337892,14895.946956394944,14930.4287109375,21552121,ACB
2023-06-15,14964.91015625,14964.91015625,14861.465785416067,14930.428402419964,7811744,ACB
2023-06-16,15033.87109375,15240.759824562132,14895.945866979331,14964.909371020794,29770136,ACB
2023-06-19,14930.4287109375,15068.353057139142,14895.946956394944,15033.87219325278,8664623,ACB
2023-06-20,14930.4287109375,14964.910465480056,14826.984337966027,14930.4287109375,7455726,ACB
2023-06-21,14964.91015625,14964.91015625,14861.465785416067,14895.946648589927,9141252,ACB
2023-06-22,14930.4287109375,15102.835702337892,14930.4287109375,14999.391329366417,10544557,ACB
2023-06-23,15102.8349609375,15102.8349609375,14895.94622515075,14964.909730850433,17726657,ACB
2023-06-26,15344.2041015625,15516.610188704453,15171.7962331083,15309.721459084312,15585133,ACB
2023-06-27,15309.72265625,15551.092265910325,15309.72265625,15551.092265910325,12711737,ACB
2023-06-28,15378.685546875,15447.647271826336,15240.760315660013,15309.722040611348,11420052,ACB
2023-06-29,15102.8349609375,15447.647145499015,15102.8349609375,15378.685421111632,12162371,ACB
2023-06-30,15206.279296875,15206.279296875,15033.871423644256,15102.834929199013,6768423,ACB
2023-07-03,15206.279296875,15240.76015899623,15137.315791320243,15206.279296875,5329542,ACB
2023-07-04,15171.796875,15206.279518937088,15102.83514975047,15137.316012375235,7369102,ACB
2023-07-05,15137.31640625,15240.760778128253,15137.31640625,15171.797269771962,10744519,ACB
2023-07-06,14964.91015625,15171.797116605514,14930.428402419964,15137.316253431654,10116992,ACB
2023-07-07,14964.91015625,14999.39101942386,14826.984031586031,14964.91015625,11291240,ACB
2023-07-10,15137.31640625,15240.760778128253,14964.910307327826,14999.391170849787,11944820,ACB
2023-07-11,15171.796875,15378.685613373236,15137.316012375235,15378.685613373236,12479374,ACB
2023-07-12,15068.3525390625,15309.722140593094,15033.87167636165,15309.722140593094,6857162,ACB
2023-07-13,15171.796875,15171.796875,15033.871643188617,15171.796875,9178943,ACB
2023-07-14,15171.796875,15240.760381561853,15033.871643188617,15206.279518937088,9122208,ACB
2023-07-17,15171.796875,15206.279518937088,15102.83514975047,15206.279518937088,9058467,ACB
2023-07-18,15171.796875,15171.796875,15068.352505813382,15102.83514975047,11274639,ACB
2023-07-19,15171.796875,15275.241244186618,15137.316012375235,15171.796875,13234257,ACB
2023-07-20,15171.796875,15206.279518937088,15102.83514975047,15171.796875,8311411,ACB
2023-07-21,15240.7607421875,15240.7607421875,15102.835507112542,15171.797233993839,9349372,ACB
2023-07-24,15206.279296875,15309.72188323869,15137.315791320243,15240.76015899623,10656990,ACB
2023-07-25,15378.685546875,15516.610778089987,15171.796809396361,15171.796809396361,18161442,ACB
2023-07-26,15378.685546875,15482.12991561432,15309.722040611348,15378.685546875,7891710,ACB
2023-07-27,15275.2412109375,15413.166442448666,15206.279485838077,15378.685579898955,10854778,ACB
2023-07-28,15309.72265625,15447.647893011273,15206.280064663335,15309.72265625,12162119,ACB
2023-07-31,15826.943359375,15826.943359375,15482.129402117835,15516.610263449875,25558779,ACB
2023-08-01,15757.98046875,16033.830932767818,15689.016962089383,16033.830932767818,22765897,ACB
2023-08-02,15930.3876953125,15964.870341749018,15723.500723255649,15723.500723255649,16936185,ACB
2023-08-03,16171.7568359375,16206.23948135507,15861.425496366153,15895.906360471326,23152623,ACB
2023-08-04,16826.904296875,16826.904296875,16033.831936534616,16275.201552988763,24826499,ACB
2023-08-07,16378.64453125,16585.533265218088,16275.200164265956,16516.56976012463,199380100,ACB
2023-08-08,16137.275390625,16482.089363194944,16068.311883586079,16413.12585615602,20588970,ACB
2023-08-09,15999.349609375,16275.200065449404,15964.868747693768,16137.274837412202,20572875,ACB
2023-08-10,15792.4619140625,16102.795033516048,15792.4619140625,16033.831524311128,18689741,ACB
2023-08-11,15792.4619140625,15861.425423267418,15585.574949072525,15826.944559321155,12110805,ACB
2023-08-14,15895.90625,15895.906250000002,15723.500149359908,15792.461877090991,13806476,ACB
2023-08-15,15757.98046875,16033.830932767818,15757.98046875,15964.869207419526,8541819,ACB
2023-08-16,15792.4619140625,15895.906287213682,15723.500186169971,15757.981050116236,11105188,ACB
2023-08-17,15654.5361328125,15861.4248719234,15654.5361328125,15826.944009175693,13384479,ACB
2023-08-18,15102.8349609375,15654.535881285765,15102.8349609375,15654.535881285765,27047002,ACB
2023-08-21,15171.796875,15309.722106811383,15068.352505813382,15068.352505813382,10679069,ACB
2023-08-22,15206.279296875,15275.241021117461,14895.946193847038,15240.76015899623,12366719,ACB
2023-08-23,15068.3525390625,15378.685647307118,15068.3525390625,15309.722140593094,7332387,ACB
2023-08-24,15206.279296875,15344.204526672218,15068.352285765486,15068.352285765486,7023975,ACB
2023-08-25,15137.31640625,15206.279914606292,15068.35289789371,15171.797269771962,7112684,ACB
2023-08-28,15206.279296875,15240.76015899623,15137.315791320243,15171.796653441474,8139992,ACB
2023-08-29,15206.279296875,15309.72188323869,15137.315791320243,15206.279296875,7637046,ACB
2023-08-30,15482.1298828125,15516.610745215114,15206.279420966966,15206.279420966966,9947979,ACB
2023-08-31,15585.5751953125,15585.5751953125,15482.130820526978,15482.130820526978,10350684,ACB
2023-09-05,15689.017578125,15895.906324918096,15620.055850068897,15654.536714096948,13789455,ACB
2023-09-06,15826.943359375,15826.943359375,15585.573767426209,15689.01635142233,6319043,ACB
2023-09-07,15792.4619140625,15964.869796418601,15689.017540911316,15861.425423267418,16683217,ACB
2023-09-08,15689.017578125,15826.944596861993,15654.536714096948,15792.461951521547,10878646,ACB
2023-09-11,15413.166015625,15792.460837105298,15344.204292435275,15723.499113915572,13933860,ACB
2023-09-12,15689.017578125,15689.017578125,15309.722729879253,15413.1671032758,16462016,ACB
2023-09-13,15551.091796875,15723.4996736109,15482.130071230506,15689.017029476321,12548940,ACB
2023-09-14,15482.1298828125,15723.49948225542,15447.647239097576,15516.610745215114,8850170,ACB
2023-09-15,15620.0556640625,15689.017391297393,15482.13042828034,15585.574800445052,10071128,ACB
2023-09-18,15482.1298828125,15620.055113735267,15378.685514292347,15585.574251332653,9774597,ACB
2023-09-19,15378.685546875,15585.574284353637,15344.204684399332,15482.12991561432,13978031,ACB
2023-09-20,15482.1298828125,15551.091607617727,15344.204651889733,15378.685514292347,9514990,ACB
2023-09-21,15447.6474609375,15551.091830943193,15413.166598039716,15447.6474609375,10468910,ACB
2023-09-22,15378.685546875,15516.610778089987,15240.760315660013,15309.722040611348,16197980,ACB
2023-09-25,15171.796875,15413.166475998001,15171.796875,15378.685613373236,13353150,ACB
2023-09-26,15102.8349609375,15344.20455891794,15068.352317431509,15206.279328830875,12562692,ACB
2023-09-27,15171.796875,15171.796875,14999.390780563852,15102.83514975047,7670501,ACB
2023-09-28,14999.3916015625,15171.797705435376,14964.910737050408,15068.353330586682,10040156,ACB
2023-09-29,15068.3525390625,15206.279552490549,15033.87167636165,15033.87167636165,3407685,ACB
2023-10-02,15102.8349609375,15137.315823131192,14964.909730850433,15033.871455237817,5037799,ACB
2023-10-03,14895.9462890625,15102.835025736915,14895.9462890625,15033.87151974134,11648053,ACB
2023-10-04,14895.9462890625,14964.909795058074,14826.98367372308,14861.465426720866,4203301,ACB
2023-10-05,14895.9462890625,15137.315888078549,14895.9462890625,14999.390657399708,5092553,ACB
2023-10-06,15033.87109375,15102.834597791463,14861.46500561473,14895.945866979331,3227958,ACB
2023-10-09,15516.611328125,15551.09219182295,14964.910383708278,14964.910383708278,17559890,ACB
2023-10-10,15723.4990234375,15757.979884833949,15516.61029243429,15516.61029243429,8642670,ACB
2023-10-11,15654.5361328125,15723.499639620244,15551.091763257049,15723.499639620244,3753123,ACB
2023-10-12,15654.5361328125,15792.461365115658,15516.610900509342,15654.5361328125,7450700,ACB
2023-10-13,15620.0556640625,15654.536527679948,15516.611291897785,15585.574800445052,6204905,ACB
2023-10-16,15585.5751953125,15654.536924294569,15447.648174723523,15551.092549509047,6327898,ACB
2023-10-17,15482.1298828125,15620.055113735267,15482.1298828125,15585.574251332653,4837043,ACB
2023-10-18,15206.279296875,15482.129756469434,15206.279296875,15482.129756469434,8211138,ACB
2023-10-19,15033.87109375,15275.240685926736,15033.87109375,15206.27896319753,8211799,ACB
2023-10-20,15102.8349609375,15240.760191024565,15033.871455237817,15033.871455237817,5025765,ACB
2023-10-23,15033.87109375,15240.759824562132,14964.909371020794,15240.759824562132,3171752,ACB
2023-10-24,15102.8349609375,15240.760191024565,15033.871455237817,15137.315823131192,4452331,ACB
2023-10-25,15102.8349609375,15344.20455891794,15102.8349609375,15309.721915411948,3487565,ACB
2023-10-26,14551.1337890625,14999.391251862351,14447.689416625539,14999.391251862351,16936543,ACB
2023-10-27,14861.4658203125,14964.910191389334,14620.09621490401,14792.502312490495,4206740,ACB
2023-10-30,14689.05859375,14930.428195242434,14689.05859375,14895.946441890874,5100221,ACB
2023-10-31,14758.0205078125,14861.464872290551,14654.576143334447,14723.538756101108,4614731,ACB
2023-11-01,14895.9462890625,14930.428042060288,14723.539305385872,14758.02105838366,6391378,ACB
2023-11-02,15378.685546875,15378.685546875,14895.946346966388,14999.390715705706,6808363,ACB
2023-11-03,15206.279296875,15447.647113035908,15206.279296875,15378.685388793447,8894473,ACB
2023-11-06,15309.72265625,15413.167029149052,15240.760928525557,15309.72265625,6084822,ACB
2023-11-07,15240.7607421875,15344.20511382181,15240.7607421875,15240.7607421875,5947282,ACB
2023-11-08,15723.4990234375,15792.460746230397,15206.278977241735,15240.759838638183,10731955,ACB
2023-11-09,15551.091796875,15792.461399255393,15551.091796875,15792.461399255393,6300258,ACB
2023-11-10,15447.6474609375,15585.574475153315,15344.204872244145,15447.6474609375,6675583,ACB
2023-11-13,15482.1298828125,15585.574251332653,15309.72200817481,15482.1298828125,4618170,ACB
2023-11-14,15654.5361328125,15792.461365115658,15482.130037761635,15482.130037761635,13623337,ACB
2023-11-15,16033.8310546875,16206.238931993852,15826.94409575715,15861.424958693486,42760921,ACB
2023-11-16,16068.3125,16137.276009684507,15930.387261943391,16033.83163581395,11264130,ACB
2023-11-17,15654.5361328125,16137.275336529716,15551.091763257049,16137.275336529716,16333404,ACB
2023-11-20,15516.611328125,15826.944445343688,15275.241719614589,15447.647819416721,13499551,ACB
2023-11-21,15585.5751953125,15723.500434589057,15516.611685018011,15620.056059803535,4907797,ACB
2023-11-22,15654.5361328125,15689.016995560207,15413.166530953893,15516.610900509342,6128598,ACB
2023-11-23,15309.72265625,15689.017502671599,15309.72265625,15654.536638809377,6853063,ACB
2023-11-24,15206.279296875,15378.685388793447,15033.871423644256,15378.685388793447,10445501,ACB
2023-11-27,15068.3525390625,15240.760415191397,15068.3525390625,15206.279552490549,4310027,ACB
2023-11-28,15102.8349609375,15240.760191024565,14964.909730850433,15102.8349609375,6121852,ACB
2023-11-29,15206.279296875,15413.166250914677,15171.796653441474,15171.796653441474,7695363,ACB
2023-11-30,15137.31640625,15378.686013528468,15137.31640625,15206.279914606292,6961112,ACB
2023-12-01,15137.31640625,15275.241641650215,14999.391170849787,15275.241641650215,7584140,ACB
2023-12-04,15378.685546875,15482.12991561432,15171.796809396361,15206.279453184345,11983174,ACB
2023-12-05,15275.2412109375,15482.129948860407,15206.279485838077,15378.685579898955,6027955,ACB
2023-12-06,15378.685546875,15378.685546875,15171.796809396361,15275.24117813568,3692287,ACB
2023-12-07,15447.6474609375,15516.610968045408,15309.722228034023,15378.685735141931,9571726,ACB
2023-12-08,15447.6474609375,15551.091830943193,15378.685735141931,15447.6474609375,5042031,ACB
2023-12-11,15447.6474609375,15516.610968045408,15344.204872244145,15482.130105147622,3007894,ACB
2023-12-12,15516.611328125,15516.611328125,15378.68609202082,15482.13046442705,4269296,ACB
2023-12-13,15378.685546875,15551.091640565655,15378.685546875,15516.610778089987,5422117,ACB
2023-12-14,15516.611328125,15689.01742792713,15378.68609202082,15447.647819416721,9185688,ACB
2023-12-15,15689.017578125,15757.981087493496,15551.0923407004,15585.574986040847,8185084,ACB
2023-12-18,15723.4990234375,15723.4990234375,15620.054657935896,15654.535519332345,10051000,ACB
2023-12-19,15895.90625,15930.387113865543,15723.500149359908,15723.500149359908,15550484,ACB
2023-12-20,15999.349609375,16033.830471056232,15895.90524301903,15895.90524301903,11931066,ACB
2023-12-21,16033.8310546875,16033.8310546875,15895.90582162982,15999.350191751164,9602394,ACB
2023-12-22,15999.349609375,16068.311332737465,15999.349609375,15999.349609375,5964475,ACB
2023-12-25,16102.7939453125,16171.755668544694,15999.349579151938,16033.830440768035,10027724,ACB
2023-12-26,16033.8310546875,16137.275424808844,16033.8310546875,16137.275424808844,7701975,ACB
2023-12-27,16068.3125,16137.276009684507,15999.350771627898,15999.350771627898,6435285,ACB
2023-12-28,16378.64453125,16516.56976012463,16068.31143029787,16068.31143029787,14767035,ACB
2023-12-29,16482.087890625,16620.013111067765,16413.12438974753,16482.087890625,13579747,ACB
2024-01-02,16861.3828125,17068.271535296677,16516.56886827627,16516.56886827627,18360928,ACB
2024-01-03,17240.677734375,17240.677734375,16723.457705166824,16895.863787798815,13116556,ACB
2024-01-04,17447.568359375,17688.93797014266,17309.64134066857,17378.604850021784,31194865,ACB
2024-01-05,17551.009765625,17551.009765625,17275.159309474413,17447.567180552734,12394603,ACB
2024-01-08,17482.048828125,17757.89929667607,17378.604457090263,17723.418433435276,16509957,ACB
2024-01-09,17240.677734375,17482.047318847108,17206.196874111043,17413.08381700699,20498088,ACB
2024-01-10,17413.083984375,17585.49184997631,17240.677900085906,17378.603123779623,23517091,ACB
2024-01-11,17413.083984375,17757.897934265406,17344.12226318425,17516.528347473344,13137053,ACB
2024-01-12,17792.37890625,18068.231136676626,17275.15886883244,17344.122371767156,34060326,ACB
2024-01-15,17447.568359375,17930.30579959792,17447.568359375,17930.30579959792,19748099,ACB
2024-01-16,17516.529296875,17619.973665580063,17275.159697000625,17516.529296875,17166314,ACB
2024-01-17,17516.529296875,17792.379759213625,17482.04843441075,17551.01015933925,13508411,ACB
2024-01-18,17654.455078125,17757.899450053203,17482.04897911958,17551.0107061968,14204046,ACB
2024-01-19,17895.82421875,17895.82421875,17688.937261602125,17792.3798495199,16929719,ACB
2024-01-22,18137.1953125,18137.1953125,17792.38131379302,18068.233581546086,15911262,ACB
2024-01-23,17964.787109375,18240.637563655524,17964.787109375,18102.712336515262,15673608,ACB
2024-01-24,17792.37890625,17999.267633741914,17723.417184627513,17964.78677293067,15743040,ACB
2024-01-25,17792.37890625,17861.342409184712,17654.453681692798,17826.861548373472,7030807,ACB
2024-01-26,18137.1953125,18206.158824766382,17826.863960582446,17826.863960582446,9166247,ACB
2024-01-29,17895.82421875,18275.11905171882,17895.82421875,18275.11905171882,15820406,ACB
2024-01-30,17895.82421875,18068.232094570943,17861.34335611074,17964.78772534084,20264204,ACB
2024-01-31,17757.8984375,17999.268031132146,17619.973209897667,17999.268031132146,16872587,ACB
2024-02-01,17930.3046875,17999.268192575866,17723.41773489697,17723.41773489697,8399329,ACB
2024-02-02,18102.712890625,18137.19375313743,17826.862427900913,17895.824152925776,20524142,ACB
2024-02-05,19171.634765625,19309.55999055039,18033.74854269412,18102.712045812932,38972091,ACB
2024-02-06,19206.115234375,19240.596094574255,19068.190012265786,19206.115234375,21929562,ACB
2024-02-07,19309.560546875,19447.48577577413,19206.11617987258,19206.11617987258,16832118,ACB
2024-02-15,18757.859375,19585.41259698803,18757.859375,19344.04298146287,20160586,ACB
2024-02-16,19033.708984375,19033.708984375,18826.822024328023,18964.747258130123,12689916,ACB
2024-02-19,19102.671875,19102.671875,18757.857910974548,19102.671875,17148725,ACB
2024-02-20,18999.228515625,19137.153752290054,18861.303278959946,18964.747651786834,12400289,ACB
2024-02-21,19102.671875,19240.597104347722,18895.78314032227,18964.746645652278,13834540,ACB
2024-02-22,19068.19140625,19137.15313168997,18964.74703677772,19102.672268969985,14285380,ACB
2024-02-23,18826.822265625,19585.41195191531,18826.822265625,19102.67273676468,34352731,ACB
2024-02-26,18964.74609375,19102.671319083893,18688.895643082215,18826.820868416107,13519467,ACB
2024-02-27,19033.708984375,19102.672491932222,18861.30288745046,19102.672491932222,15942473,ACB
2024-02-28,19309.560546875,19309.560546875,18999.22744586774,19068.190950973447,13900533,ACB
2024-02-29,19309.560546875,19481.96663767084,19102.671812870158,19378.52227066842,13160726,ACB
2024-03-01,19171.634765625,19309.55999055039,18999.226898484085,19309.55999055039,14803800,ACB
2024-03-04,19171.634765625,19447.48521547578,18895.782534461985,19171.634765625,18404571,ACB
2024-03-05,19275.078125,19309.560768604955,18999.22766403417,19171.635538122042,8573238,ACB
2024-03-06,19033.708984375,19413.003822658862,18999.22812125256,19309.561233291548,12949391,ACB
2024-03-07,18964.74609375,19102.671319083893,18895.782590426934,19033.707815760827,13444270,ACB
2024-03-08,18654.4140625,19068.191543364494,18619.93319953207,18964.74717314837,33084982,ACB
2024-03-11,18447.52734375,18688.896950295202,18378.563835603214,18654.414305565628,17147270,ACB
2024-03-12,18447.52734375,18516.489070584423,18344.082972186003,18378.563835603214,10993413,ACB
2024-03-13,19068.19140625,19068.19140625,18447.52697072864,18447.52697072864,11949185,ACB
2024-03-14,18792.337890625,19033.707475978536,18654.412667753295,19033.707475978536,10876637,ACB
2024-03-15,18861.302734375,18895.783597217596,18619.933131852158,18792.339227377473,11906203,ACB
2024-03-18,18550.970703125,18861.302019572144,18413.043694357082,18757.85765365234,18870488,ACB
2024-03-19,18516.490234375,18654.415478025025,18447.528503206224,18482.009368790612,9615237,ACB
2024-03-20,18964.74609375,19102.671319083893,18482.006914425256,18516.48777543067,18967559,ACB
2024-03-21,19309.560546875,19309.560546875,18999.22744586774,19102.671812870158,17504610,ACB
2024-03-22,19413.00390625,19964.706625146344,19240.597808583094,19481.967414104176,222213723,ACB
2024-03-25,18964.74609375,19344.040908746265,18964.74609375,19344.040908746265,16895863,ACB
2024-03-26,19275.078125,19275.078125,18861.302433551253,19033.70852632682,8415597,ACB
2024-03-27,19309.560546875,19344.04140877171,19033.70830776445,19275.077903666002,8364548,ACB
2024-03-28,19550.931640625,19723.33774462933,19447.487265697433,19516.448994774197,81109692,ACB
2024-03-29,19654.373046875,19757.817415553258,19413.00344706317,19585.41132196437,21715053,ACB
2024-04-01,19619.892578125,19654.37344127223,19378.52297346969,19447.486481076503,9912005,ACB
2024-04-02,19585.41015625,19585.41015625,19240.596208283074,19516.44665413173,18699753,ACB
2024-04-03,19309.560546875,19585.411004673264,19240.59704176929,19447.48577577413,16133706,ACB
2024-04-04,18999.228515625,19344.042497943825,18999.228515625,19344.042497943825,15049388,ACB
2024-04-05,18723.376953125,18895.783043599073,18688.89609129264,18826.821319934355,16451238,ACB
2024-04-08,18723.376953125,18792.338676789717,18585.451724483286,18723.376953125,9084649,ACB
2024-04-09,18826.822265625,18826.822265625,18654.41438517842,18723.377893619527,7130258,ACB
2024-04-10,18688.896484375,19033.708672575558,18688.896484375,18930.26608490278,6773845,ACB
2024-04-11,18723.376953125,18723.376953125,18550.970862650927,18619.932586315645,14926396,ACB
2024-04-12,19309.560546875,19309.560546875,18619.932621067055,18757.85784996619,284412089,ACB
2024-04-15,18516.490234375,19309.562612003243,18516.490234375,19171.63736835322,25793775,ACB
2024-04-16,18723.376953125,18723.376953125,18447.526495841572,18516.48821950629,24268404,ACB
2024-04-17,18447.52734375,18792.339540546836,18447.52734375,18757.858677129625,16653184,ACB
2024-04-19,18344.08203125,18482.00725915651,18240.63766499205,18344.08203125,15281487,ACB
2024-04-22,18482.0078125,18585.45218185503,18413.04430582587,18550.97131917413,9560864,ACB
2024-04-23,18378.564453125,18585.453203204477,18309.602723973454,18482.008828164737,11482778,ACB
2024-04-24,18654.4140625,18688.89670678027,18413.044459099823,18482.00796634802,8862337,ACB
2024-04-25,18482.0078125,18654.413907216836,18447.526949819097,18619.933044535934,7296893,ACB
2024-04-26,18516.490234375,18619.934612440637,18344.084125140584,18482.009368790612,7199690,ACB
2024-05-02,18619.93359375,18723.37796615623,18482.00835764582,18516.48922134377,6381194,ACB
2024-05-03,18964.74609375,18964.74609375,18688.895643082215,18688.895643082215,11530613,ACB
2024-05-06,19033.708984375,19102.672491932222,18861.30288745046,18964.747258130123,14710167,ACB
2024-05-07,19068.19140625,19171.635775722283,18964.74703677772,19137.15313168997,10474596,ACB
2024-05-08,18999.228515625,19068.19202461372,18826.82241512178,18964.747651786834,9307359,ACB
2024-05-09,19033.708984375,19171.63599948945,18964.747258130123,19033.708984375,5566138,ACB
2024-05-10,19102.671875,19102.671875,18930.26578364342,19033.708369669992,13476010,ACB
2024-05-13,19102.671875,19309.560609677726,19068.19101299114,19309.560609677726,7798584,ACB
2024-05-14,19137.154296875,19240.598672645596,19068.192567236223,19102.673432055613,7876281,ACB
2024-05-15,19102.671875,19206.116242338863,19102.671875,19206.116242338863,10922527,ACB
2024-05-16,19481.966796875,19585.411164722755,19171.635474644037,19309.560704670275,40042522,ACB
2024-05-17,19481.966796875,19585.411164722755,19447.485934696513,19481.966796875,12407430,ACB
2024-05-20,19481.966796875,19688.85553257051,19447.485934696513,19654.372889079725,13340427,ACB
2024-05-21,19447.486328125,19516.448053877088,19206.11672536803,19481.967191001044,16231571,ACB
2024-05-22,19275.078125,19481.966861380522,19240.597262707346,19447.485999087872,14095866,ACB
2024-05-23,19619.892578125,19654.37344127223,19309.561247175232,19309.561247175232,14044553,ACB
2024-05-24,20171.595703125,20826.741022738068,19481.96773835475,19619.89297504632,46086744,ACB
2024-05-27,20309.521484375,20585.371965154514,20171.59624398524,20344.002349144328,12742951,ACB
2024-05-28,20447.4453125,20481.926174887805,20206.07571316074,20481.926174887805,14133160,ACB
2024-05-29,20171.595703125,20516.40790419774,20171.595703125,20481.92704035294,19964989,ACB
2024-05-30,20275.037109375,20275.037109375,19895.74228531876,20102.63101891754,17339429,ACB
2024-05-31,20470.0078125,21009.78431213358,20470.0078125,20760.656840396176,13940760,ACB
2024-06-03,20594.5703125,20719.13497914206,20428.48595552578,20636.091868047355,20476325,ACB
2024-06-04,20345.443359375,20594.570833749356,20303.921802776735,20594.570833749356,11412830,ACB
2024-06-05,20220.87890625,20553.049497380147,20179.35921442209,20553.049497380147,13017885,ACB
2024-06-06,20220.87890625,20345.44357737953,20179.35921442209,20262.40046329318,9231855,ACB
2024-06-07,20428.486328125,20470.007884429673,20179.358855512186,20386.964771820323,7805166,ACB
2024-06-10,20262.400390625,20511.529731990595,20179.35914205173,20428.486618202063,10792635,ACB
2024-06-11,20054.794921875,20303.922403621673,20013.273364048004,20262.400845794677,11845345,ACB
2024-06-12,20386.96484375,20386.96484375,19847.188340315246,20054.794257355865,13673155,ACB
2024-06-13,20594.5703125,20677.613423594707,20262.39973333636,20386.964399978424,14968860,ACB
2024-06-14,20428.486328125,20677.613800737814,20428.486328125,20511.52944073435,13265250,ACB
2024-06-17,20386.96484375,20428.48640020117,20137.83737025821,20428.48640020117,7323890,ACB
2024-06-18,20386.96484375,20511.529513103516,20262.400174396484,20511.529513103516,7077790,ACB
2024-06-19,20470.0078125,20511.529368658772,20137.837228445052,20386.964700182456,8980925,ACB
2024-06-20,20594.5703125,20636.091868047355,20262.39973333636,20386.964399978424,12110305,ACB
2024-06-21,20386.96484375,20636.09231724179,20345.44328729883,20636.09231724179,5890300,ACB
2024-06-24,20013.2734375,20428.48715207856,19847.18907079776,20428.48715207856,16734915,ACB
2024-06-25,19971.751953125,20096.316627522236,19847.18914394308,19930.230394992588,10102061,ACB
2024-06-26,20013.2734375,20013.2734375,19598.05972292144,19930.23032154123,15060975,ACB
2024-06-27,19888.7109375,20013.27374815638,19764.146261628284,19930.23063090857,5868795,ACB
2024-06-28,19764.14453125,19930.22888598937,19722.622976261366,19764.14453125,16068754,ACB
2024-07-01,19764.14453125,19805.666086238638,19598.058311295455,19764.14453125,4523525,ACB
2024-07-02,19971.751953125,20013.273511257412,19681.102911413436,19764.14602767826,6918515,ACB
2024-07-03,20137.837890625,20262.400697982008,19888.71041069569,20054.7947755768,10314120,ACB
2024-07-04,20054.794921875,20220.87928796768,19888.710555782316,20179.359595355985,8726316,ACB
2024-07-05,20179.359375,20179.359375,19930.230030758485,20054.79470287924,8435251,ACB
2024-07-08,20137.837890625,20220.87914045791,20013.273218052702,20179.359448149098,14271845,ACB
2024-07-09,20179.359375,20262.40062453189,19971.75158813207,20054.79470287924,9987981,ACB
2024-07-10,20137.837890625,20345.443813030208,20137.837890625,20345.443813030208,13422225,ACB
2024-07-11,20054.794921875,20220.87928796768,20054.794921875,20220.87928796768,5738845,ACB
2024-07-12,19930.23046875,20054.79514360822,19764.146100821028,20013.273585322146,17017470,ACB
2024-07-15,19888.7109375,19971.752189532475,19847.189378876094,19930.23063090857,6878726,ACB
2024-07-16,20013.2734375,20179.359669417547,19888.71062877715,19930.23032154123,18421505,ACB
2024-07-17,20345.443359375,20926.741421320243,20096.315885000648,20179.358998197178,33568960,ACB
2024-07-18,20594.5703125,20843.699645784127,20345.44284443107,20345.44284443107,13472480,ACB
2024-07-19,20843.701171875,21009.78554100924,20470.00900980379,20594.571820350637,21237970,ACB
2024-07-22,20553.048828125,20926.740964130036,20470.00758195793,20843.699717962965,20418480,ACB
2024-07-23,19930.23046875,20677.61478746868,19930.23046875,20594.57167089653,19390150,ACB
2024-07-24,20096.31640625,20262.400771735644,19764.14581006342,19930.230175549063,14585910,ACB
2024-07-25,19971.751953125,20054.795069389824,19764.14602767826,20054.795069389824,9810305,ACB
2024-07-26,20013.2734375,20054.794995479388,19930.23032154123,20013.2734375,4234760,ACB
2024-07-29,20054.794921875,20179.359595355985,19971.751806221007,20179.359595355985,4995273,ACB
2024-07-30,20054.794921875,20054.794921875,19888.710555782316,19930.23024839401,8307830,ACB
2024-07-31,20386.96484375,20386.96484375,20013.272700904694,20096.315813807036,9831005,ACB
2024-08-01,19888.7109375,20428.4874691801,19888.7109375,20345.444351932292,13833350,ACB
2024-08-02,19888.7109375,19930.23063090857,19639.581585756565,19847.189378876094,15876900,ACB
2024-08-05,19265.888671875,19805.667047715942,19224.36898008594,19598.05926269432,36306190,ACB
2024-08-06,19515.017578125,19639.580381141182,19307.40979773932,19515.017578125,9552936,ACB
2024-08-07,19431.974609375,19598.05896969399,19348.931496607885,19598.05896969399,5992650,ACB
2024-08-08,19307.41015625,19515.017940490652,19307.41015625,19307.41015625,6692656,ACB
2024-08-09,19598.05859375,19598.05859375,19348.93112544284,19431.97423661696,3728185,ACB
2024-08-12,19764.14453125,19764.14453125,19348.930846578813,19598.058311295455,7174394,ACB
2024-08-13,19598.05859375,19764.14481609824,19515.01734779108,19556.53890337814,3547751,ACB
2024-08-14,19556.5390625,19764.144976909287,19556.5390625,19681.101865059485,3814323,ACB
2024-08-15,19515.017578125,19598.058825064047,19473.496022047864,19556.539134202136,6880996,ACB
2024-08-16,19930.23046875,19930.23046875,19515.018616319907,19515.018616319907,9086380,ACB
2024-08-19,19971.751953125,20054.795069389824,19888.710702075492,19930.230394992588,8391007,ACB
2024-08-20,20013.2734375,20179.359669417547,19930.23032154123,19971.751879520612,8715506,ACB
2024-08-21,20262.400390625,20262.400390625,19971.7513575804,19971.7513575804,8920435,ACB
2024-08-22,20262.400390625,20386.965061307797,20179.35914205173,20345.44350441353,8957469,ACB
2024-08-23,20303.921875,20345.443431745964,20137.8375132314,20262.400318254036,7041341,ACB
2024-08-26,20303.921875,20386.964988491927,20262.400318254036,20386.964988491927,8188575,ACB
2024-08-27,20303.921875,20345.443431745964,20262.400318254036,20303.921875,5793816,ACB
2024-08-28,20345.443359375,20386.96491597327,20262.400246178466,20345.443359375,8855465,ACB
2024-08-29,20470.0078125,20677.61372807863,20386.964700182456,20386.964700182456,14752200,ACB
2024-08-30,20594.5703125,20594.5703125,20470.007511073134,20470.007511073134,5642709,ACB
2024-09-04,20470.0078125,20511.529368658772,20303.921587864912,20345.443144023684,13470410,ACB
2024-09-05,20345.443359375,20511.52958576807,20303.921802776735,20470.0080291698,4458090,ACB
2024-09-06,20428.486328125,20428.486328125,20303.921659210977,20345.44321551565,6870675,ACB
2024-09-09,20303.921875,20428.48654523789,20179.359069977363,20386.964988491927,9110187,ACB
2024-09-10,20137.837890625,20386.965370554306,20013.273218052702,20303.92225550611,7283527,ACB
2024-09-11,20054.794921875,20137.838037528993,20013.273364048004,20054.794921875,4236716,ACB
2024-09-12,20303.921875,20345.443431745964,20096.315956485436,20137.8375132314,3263355,ACB
2024-09-13,20262.400390625,20303.921947519266,20137.837585157464,20262.400390625,2726420,ACB
2024-09-16,20054.794921875,20386.965519275665,20054.794921875,20262.400845794677,4568263,ACB
2024-09-17,20345.443359375,20345.443359375,20013.272771804113,20054.79432840238,4742963,ACB
2024-09-18,20470.0078125,20553.049059602316,20220.878475547368,20345.443144023684,10313778,ACB
2024-09-19,20594.5703125,20636.091868047355,20428.48595552578,20553.048756952645,6025311,ACB
2024-09-20,21300.43359375,21424.99826371007,20677.613974380158,20677.613974380158,39699035,ACB
2024-09-23,21300.43359375,21591.082625108244,21258.912037096645,21341.955150403355,12810310,ACB
2024-09-24,21424.998046875,21424.998046875,21092.827462225185,21300.433378175607,18985465,ACB
2024-09-25,21757.16796875,21757.16796875,21424.997394218884,21591.081748876855,31207021,ACB
2024-09-26,21591.08203125,21881.731054614003,21591.08203125,21840.20949910269,21519030,ACB
2024-09-27,21508.0390625,21923.252755144524,21508.0390625,21591.082174071948,12724175,ACB
2024-09-30,21383.4765625,21549.56092277541,21341.955006127337,21341.955006127337,18355840,ACB
2024-10-01,21383.4765625,21715.647148266056,21383.4765625,21383.4765625,11969545,ACB
2024-10-02,21424.998046875,21674.125519058554,21258.911821942478,21341.95493440874,27857933,ACB
2024-10-03,21341.955078125,21840.210025847344,21341.955078125,21549.560995473435,17052660,ACB
2024-10-04,21092.828125,21383.477162549403,21092.828125,21341.95560501159,10147715,ACB
2024-10-07,21134.349609375,21341.955531130086,21051.30649458685,21175.86930155379,7785159,ACB
2024-10-08,21175.869140625,21300.433811860577,21051.30633460469,21175.869140625,7501108,ACB
2024-10-09,21798.689453125,21798.689453125,21217.389550666663,21258.911105500483,25326680,ACB
2024-10-10,21757.16796875,22006.29543334454,21632.603303845142,21923.25232340797,11365451,ACB
2024-10-11,21674.125,21715.64655523876,21508.03877904496,21674.125,8259645,ACB
2024-10-14,21549.560546875,21798.689880765276,21549.560546875,21715.646769468516,10794935,ACB
2024-10-15,21466.51953125,21757.168558693753,21424.99797515586,21549.560778223055,8176270,ACB
2024-10-16,21383.4765625,21466.519675245323,21258.911893382014,21383.4765625,6768441,ACB
2024-10-17,21715.646484375,21715.646484375,21383.475908764063,21508.03870885868,11553797,ACB
2024-10-18,21674.125,22006.295576694894,21549.56033428372,21798.68966571628,13593345,ACB
2024-10-21,21424.998046875,21674.125519058554,21424.998046875,21591.08240659229,6407806,ACB
2024-10-22,21092.828125,21466.52027762503,21092.828125,21424.998720087216,14289095,ACB
2024-10-23,21092.828125,21217.39093239815,20885.220337310933,21092.828125,8901115,ACB
2024-10-24,20760.65625,21134.34837958658,20760.65625,21092.826824608608,14083705,ACB
2024-10-25,20677.61328125,20843.69950229608,20636.09172598848,20760.656391773042,12615960,ACB
2024-10-28,20885.220703125,20885.220703125,20553.050102219666,20677.61477701491,6112942,ACB
2024-10-29,20926.7421875,21009.785303736946,20843.700936478366,21009.785303736946,6395680,ACB
2024-10-30,20843.701171875,20968.263982421846,20719.136496112817,20926.742423834454,8259760,ACB
2024-10-31,21092.828125,21134.349682537813,20802.179087450597,20843.70064498841,5970344,ACB
2024-11-01,20677.61328125,21092.826968650017,20677.61328125,21009.783858126975,9485381,ACB
2024-11-04,20553.048828125,20802.178162271826,20470.00758195793,20760.65660658069,19583545,ACB
2024-11-05,20553.048828125,20677.613495198413,20553.048828125,20594.57038381614,3630895,ACB
2024-11-06,20843.701171875,20926.742423834454,20594.571820350637,20677.614937525424,8351760,ACB
2024-11-07,20843.701171875,21009.78554100924,20677.614937525424,20926.742423834454,5906631,ACB
2024-11-08,20677.61328125,20926.740747603937,20553.04861546544,20843.69950229608,9822612,ACB
2024-11-11,20636.091796875,20760.65646308745,20470.007440473593,20677.61335227915,8416051,ACB
2024-11-12,20636.091796875,20719.1349076833,20470.007440473593,20594.57024147085,4931085,ACB
2024-11-13,20677.61328125,20677.61328125,20428.485814896063,20594.570170726958,17333835,ACB
2024-11-14,20386.96484375,20636.09231724179,20386.96484375,20470.007956652345,10488806,ACB
2024-11-15,20262.400390625,20428.486618202063,20179.35914205173,20386.965061307797,34100950,ACB
2024-11-18,20345.443359375,20428.486472571534,20013.272771804113,20262.400246178466,14582333,ACB
2024-11-19,20179.359375,20386.96529665265,20179.359375,20345.44373927906,8434215,ACB
2024-11-20,20345.443359375,20386.96491597327,20054.79432840238,20096.315885000648,10973860,ACB
2024-11-21,20636.091796875,20636.091796875,20137.836862455588,20345.442774261144,9411946,ACB
2024-11-22,20719.134765625,20719.134765625,20470.007300123405,20636.091655386077,9019795,ACB
2024-11-25,20677.61328125,20760.656391773042,20594.570170726958,20719.13483651152,6859062,ACB
2024-11-26,20760.65625,20843.699359955946,20636.091585066082,20677.613140044054,6897470,ACB
2024-11-27,20802.177734375,20926.740533670974,20719.134624700902,20719.134624700902,4650371,ACB
2024-11-28,20885.220703125,20926.74226139008,20719.136335279993,20885.220703125,5552317,ACB
2024-11-29,20926.7421875,20926.7421875,20760.65782024142,20885.220629381525,5232501,ACB
2024-12-02,20885.220703125,21051.306936185327,20802.17945181016,20968.263819655163,5407072,ACB
2024-12-03,20760.65625,20926.740604696715,20719.13469502203,20926.740604696715,9047510,ACB
2024-12-04,20802.177734375,20802.177734375,20636.09151502681,20719.134624700902,7354827,ACB
2024-12-05,21341.955078125,21341.955078125,20719.135460864447,20760.657017377183,9530167,ACB
2024-12-06,21300.43359375,21383.47670705671,21175.86892378993,21175.86892378993,11646740,ACB
2024-12-09,21175.869140625,21300.433811860577,21051.30633460469,21258.91225478205,10392491,ACB
2024-12-10,21051.306640625,21175.869448456062,21051.306640625,21175.869448456062,7653868,ACB
2024-12-11,21092.828125,21175.869374860336,20926.741894848747,21051.306567462187,10174497,ACB
2024-12-12,21009.78515625,21175.86952234268,20968.263598423004,21092.828271903993,9725990,ACB
2024-12-13,20885.220703125,21009.785377920245,20843.70101007524,21009.785377920245,12247534,ACB
2024-12-16,20885.220703125,20968.263819655163,20802.17945181016,20885.220703125,5972863,ACB
2024-12-17,20926.7421875,20968.263745618475,20802.17937835989,20968.263745618475,6858874,ACB
2024-12-18,20885.220703125,20968.263819655163,20843.70101007524,20968.263819655163,4057964,ACB
2024-12-19,20594.5703125,20802.178090236772,20511.52906662049,20802.178090236772,14218646,ACB
2024-12-20,20594.5703125,20677.613423594707,20553.048756952645,20636.091868047355,5475072,ACB
2024-12-23,20677.61328125,20719.13483651152,20594.570170726958,20636.09172598848,7945360,ACB
2024-12-24,20760.65625,20760.65625,20594.57003008811,20677.613140044054,5751197,ACB
2024-12-25,21134.349609375,21258.91241634194,20719.135900649544,20760.657458043617,11514191,ACB
2024-12-26,21217.390625,21217.390625,21092.82781940652,21134.349376342765,18887979,ACB
2024-12-27,21217.390625,21341.955295808744,21175.869068063752,21258.912181936248,13500931,ACB
2024-12-30,21092.828125,21300.434047473776,21051.306567462187,21051.306567462187,5750568,ACB
